id,color,school_id
9474,green,244.0
733,green,203.0
734,green,235.0
735,green,168.0
736,green,168.0
737,green,118.0
738,green,168.0
739,green,197.0
740,green,225.0
1007,green,51.0
1008,green,90.0
1009,green,90.0
1010,green,201.0
1011,green,203.0
1012,green,233.0
380,green,27.0
23,green,209.0
5104,lime,198.0
2012,green,198.0
72,green,94.0
2992,green,257.0
382,green,62.0
2179,green,111.0
2081,green,62.0
2367,green,111.0
3159,green,38.0
10123,green,49.0
10124,green,49.0
10125,green,93.0
10126,green,93.0
10127,green,93.0
10128,green,49.0
10129,green,49.0
10130,green,284.0
10131,green,49.0
10132,green,25.0
10133,green,49.0
10134,green,93.0
10135,green,93.0
10136,green,93.0
5105,green,62.0
85,green,111.0
120,green,111.0
102,green,111.0
70,green,249.0
633,green,92.0
634,green,128.0
635,green,90.0
636,green,201.0
637,green,76.0
638,green,92.0
639,green,238.0
640,green,76.0
1156,lime,87.0
1169,green,144.0
1172,lime,15.0
1174,lime,96.0
1175,lime,96.0
1177,lime,7.0
1178,lime,96.0
9453,green,254.0
1181,green,117.0
1196,green,85.0
691,lime,90.0
692,lime,169.0
693,lime,135.0
694,lime,90.0
695,lime,90.0
696,lime,99999.0
697,lime,135.0
698,lime,96.0
699,lime,135.0
700,lime,135.0
701,green,96.0
702,green,135.0
703,green,128.0
704,green,123.0
710,lime,198.0
706,green,96.0
707,green,76.0
709,lime,249.0
711,lime,249.0
713,lime,203.0
708,green,265.0
3739,green,
836,green,205.0
837,green,193.0
838,green,172.0
839,green,176.0
840,green,40.0
841,green,176.0
842,green,85.0
843,green,194.0
844,green,200.0
9503,green,198.0
9504,green,198.0
96,green,62.0
176,green,111.0
159,green,253.0
182,green,62.0
869,green,111.0
846,lime,85.0
848,lime,40.0
849,lime,85.0
850,green,40.0
3757,lime,
3758,lime,
920,green,122.0
921,green,24.0
922,green,190.0
902,lime,198.0
925,green,199.0
926,green,6.0
328,lime,128.0
331,lime,198.0
383,green,198.0
4725,green,105.0
3055,green,274.0
374,green,105.0
2921,green,270.0
4724,green,27.0
459,green,75.0
460,green,72.0
462,green,67.0
463,green,212.0
164,green,198.0
391,green,198.0
410,lime,62.0
9513,green,111.0
392,green,198.0
394,green,62.0
398,green,62.0
521,lime,252.0
522,lime,82.0
2065,green,94.0
2407,green,256.0
1776,green,198.0
5117,green,111.0
221,green,38.0
974,green,40.0
976,green,26.0
977,green,129.0
9507,green,27.0
978,green,42.0
979,green,184.0
980,green,196.0
981,green,124.0
982,green,18.0
983,green,47.0
984,green,86.0
985,green,108.0
986,green,51.0
987,green,180.0
988,lime,21.0
9508,green,27.0
9509,green,27.0
9510,green,190.0
9511,green,27.0
183,green,62.0
10137,green,198.0
235,green,253.0
218,green,64.0
1489,green,246.0
989,lime,92.0
990,lime,21.0
991,lime,154.0
9451,lime,223.0
993,lime,51.0
994,lime,51.0
995,lime,78.0
996,green,248.0
997,green,248.0
998,green,118.0
999,green,86.0
1000,green,221.0
1001,green,59.0
1002,green,154.0
9512,lime,223.0
1003,green,245.0
1004,green,18.0
1005,green,51.0
1006,green,47.0
1013,green,205.0
1014,green,201.0
1015,green,37.0
1016,green,128.0
1017,green,55.0
1018,green,135.0
1019,green,201.0
1020,green,55.0
1021,green,128.0
1022,green,135.0
1023,green,200.0
1024,green,228.0
1027,green,206.0
1028,green,228.0
1029,green,200.0
1030,green,50.0
1031,green,128.0
1032,green,173.0
1033,green,50.0
1034,green,90.0
1035,green,205.0
1036,green,228.0
1037,green,206.0
1038,green,177.0
1039,green,19.0
1040,green,182.0
1041,green,224.0
1042,green,224.0
1043,green,266.0
1044,lime,112.0
1045,lime,37.0
1046,lime,37.0
1047,lime,135.0
1048,lime,214.0
1049,lime,55.0
1050,lime,90.0
1051,lime,8.0
1052,lime,201.0
1053,lime,201.0
1054,lime,228.0
1055,green,172.0
1056,green,135.0
1068,green,206.0
1069,green,228.0
1070,green,50.0
1071,green,123.0
1072,green,177.0
9514,green,25.0
9515,green,223.0
9516,green,280.0
257,green,192.0
269,green,192.0
249,green,254.0
259,green,111.0
246,green,62.0
3149,lime,38.0
1074,lime,37.0
1075,lime,264.0
1076,lime,206.0
1077,lime,55.0
1078,lime,115.0
1073,green,38.0
1080,lime,206.0
1081,lime,238.0
1082,lime,201.0
1083,lime,157.0
1084,lime,81.0
1085,lime,142.0
1086,lime,142.0
1087,green,212.0
1088,green,81.0
1089,green,132.0
1090,green,81.0
1091,green,157.0
1092,green,60.0
1093,green,142.0
1094,green,58.0
1095,green,157.0
1096,green,157.0
1097,lime,13.0
9452,green,223.0
1101,lime,176.0
1102,green,99.0
1103,green,83.0
1105,green,99.0
1106,green,22.0
1107,green,69.0
1108,green,22.0
1109,green,69.0
1110,green,151.0
1111,green,71.0
1112,green,71.0
1130,lime,44.0
1131,lime,180.0
1132,lime,86.0
1133,lime,86.0
9517,green,222.0
1134,green,78.0
1135,green,146.0
1136,green,146.0
1137,green,86.0
1138,green,40.0
1139,green,44.0
1140,green,7.0
1141,green,7.0
1142,green,44.0
1203,lime,96.0
1349,green,135.0
9518,green,5.0
9519,green,164.0
9520,green,164.0
9521,green,5.0
9522,green,164.0
9523,green,5.0
9524,lime,5.0
254,green,24.0
3177,lime,38.0
3304,lime,33.0
315,lime,198.0
308,lime,251.0
373,green,62.0
1218,green,129.0
1219,green,16.0
1220,green,148.0
1221,green,91.0
1222,green,92.0
1223,green,248.0
1224,green,92.0
1225,green,92.0
1226,green,117.0
1227,green,128.0
1228,lime,91.0
1229,green,251.0
1230,green,21.0
1231,green,91.0
1232,green,195.0
1235,green,40.0
1236,lime,21.0
1238,lime,129.0
1239,lime,70.0
1240,lime,14.0
1241,lime,70.0
1242,green,244.0
1245,green,99.0
1246,green,85.0
1247,green,176.0
1248,green,85.0
1249,green,239.0
1250,lime,85.0
1251,lime,13.0
1252,lime,167.0
1253,lime,56.0
1254,lime,21.0
1255,lime,215.0
1256,lime,74.0
1258,green,180.0
1259,green,215.0
1260,green,96.0
1261,green,96.0
1262,green,96.0
1265,green,96.0
1266,green,96.0
1267,green,96.0
1268,green,96.0
1269,lime,96.0
1276,green,96.0
1278,green,96.0
1326,lime,62.0
1325,lime,198.0
1335,green,105.0
1328,lime,62.0
9525,green,
3182,lime,38.0
3147,lime,38.0
3235,lime,276.0
3263,lime,254.0
393,green,75.0
395,green,122.0
396,green,251.0
409,lime,198.0
399,green,37.0
400,green,146.0
402,green,110.0
404,green,205.0
405,green,128.0
406,green,110.0
407,green,35.0
3305,lime,
413,lime,251.0
417,lime,62.0
416,lime,244.0
418,lime,82.0
419,lime,146.0
401,green,198.0
422,lime,251.0
1324,lime,62.0
1303,green,252.0
1304,green,252.0
1305,green,252.0
1306,green,244.0
1307,green,252.0
1309,green,133.0
1314,green,198.0
1311,green,132.0
1316,green,249.0
1317,lime,82.0
1318,lime,244.0
1320,lime,244.0
1321,lime,252.0
1322,lime,262.0
1343,lime,62.0
1329,lime,249.0
1330,lime,249.0
1331,green,82.0
1332,green,244.0
1333,green,244.0
1338,green,212.0
9526,green,
1339,lime,20.0
1340,lime,15.0
1342,lime,252.0
1344,lime,139.0
1345,green,15.0
1346,green,90.0
1347,green,115.0
1312,green,62.0
1348,green,90.0
1334,green,62.0
3264,lime,254.0
3239,lime,276.0
3242,lime,276.0
3278,lime,254.0
3282,lime,254.0
3275,lime,254.0
3279,lime,254.0
3921,lime,64.0
3864,lime,111.0
4084,lime,198.0
4087,lime,198.0
4095,lime,198.0
4093,lime,198.0
4126,lime,198.0
268,lime,105.0
476,lime,252.0
477,lime,21.0
478,lime,194.0
479,lime,199.0
480,lime,203.0
481,lime,117.0
482,green,244.0
483,green,244.0
484,green,20.0
486,green,203.0
487,green,169.0
488,green,201.0
495,lime,15.0
496,lime,176.0
497,lime,33.0
498,lime,155.0
499,green,15.0
500,green,172.0
501,green,16.0
502,green,82.0
503,green,15.0
504,green,199.0
505,green,176.0
506,green,189.0
1323,lime,62.0
1350,green,135.0
1351,green,128.0
1352,green,135.0
1353,green,128.0
1354,green,168.0
9527,green,
4109,lime,198.0
4131,lime,198.0
4204,lime,283.0
4193,lime,286.0
548,green,90.0
549,green,172.0
550,green,26.0
551,green,103.0
552,green,199.0
553,green,224.0
554,green,135.0
555,green,151.0
608,lime,105.0
5092,green,62.0
525,lime,167.0
526,lime,135.0
527,green,244.0
528,green,244.0
529,green,90.0
530,green,252.0
531,green,252.0
532,green,188.0
533,green,201.0
542,lime,15.0
543,lime,82.0
544,lime,82.0
3454,green,
570,lime,194.0
571,green,82.0
572,green,201.0
573,green,151.0
1355,green,128.0
1356,green,168.0
1357,green,128.0
1358,green,128.0
9528,green,
1359,green,128.0
1360,green,169.0
1361,green,128.0
1362,green,168.0
1363,lime,102.0
1364,lime,172.0
1365,lime,90.0
1366,lime,215.0
1367,green,101.0
9532,green,
1368,green,264.0
1369,green,128.0
10138,green,195.0
1370,green,128.0
1371,green,244.0
1372,green,239.0
10139,green,245.0
1373,green,128.0
10146,lime,82.0
10147,green,166.0
10148,green,195.0
10149,green,190.0
10150,green,149.0
10151,green,245.0
10152,green,190.0
545,lime,244.0
546,lime,194.0
547,green,201.0
628,green,200.0
1374,green,90.0
1375,lime,90.0
1376,green,102.0
1377,green,143.0
3320,green,
3321,green,33.0
3322,green,102.0
1384,green,85.0
1385,green,171.0
1386,green,109.0
1387,green,109.0
1388,green,213.0
1389,green,258.0
1390,green,143.0
1391,green,143.0
1392,green,50.0
3323,green,102.0
1399,lime,72.0
1405,green,251.0
1488,green,249.0
3458,lime,
1409,green,171.0
1411,green,40.0
1414,green,251.0
1415,lime,251.0
1416,lime,251.0
1417,lime,251.0
3545,green,47.0
1424,lime,251.0
1426,green,251.0
1413,green,62.0
3324,green,
3325,green,
1429,green,251.0
1487,green,192.0
1504,lime,198.0
1434,green,46.0
1450,lime,198.0
1496,green,192.0
1500,green,192.0
1481,green,62.0
1443,green,82.0
1441,lime,198.0
9529,green,
9530,green,
9531,green,
9533,green,
10140,green,37.0
10141,green,71.0
715,green,216.0
716,green,242.0
717,green,203.0
3309,lime,
719,green,251.0
720,green,82.0
721,green,203.0
722,green,251.0
724,green,62.0
725,green,206.0
726,green,137.0
727,green,235.0
728,green,203.0
729,green,206.0
730,green,143.0
731,green,41.0
1451,lime,282.0
1476,lime,198.0
1452,green,244.0
1453,green,251.0
1454,green,251.0
1455,green,35.0
1456,green,166.0
1490,green,277.0
1458,green,96.0
1459,green,118.0
1460,green,223.0
1461,green,31.0
1462,green,190.0
1464,green,85.0
1465,green,190.0
1466,green,71.0
1467,green,190.0
1469,green,149.0
1470,green,101.0
1471,green,244.0
1472,green,206.0
1473,green,190.0
1474,green,190.0
1475,lime,251.0
1477,lime,251.0
1478,lime,104.0
1479,green,35.0
1480,green,71.0
1482,green,212.0
1483,green,174.0
1484,green,174.0
1492,green,249.0
1493,green,212.0
1497,green,35.0
1498,green,179.0
1505,lime,82.0
9534,green,
9537,green,
9538,green,
1503,lime,62.0
10142,green,195.0
10143,green,85.0
10144,green,190.0
10145,green,263.0
5106,green,198.0
167,lime,63.0
581,lime,194.0
582,lime,82.0
584,lime,20.0
585,lime,198.0
1523,green,244.0
1525,green,83.0
1526,green,40.0
1527,green,40.0
1528,green,47.0
1529,green,47.0
1530,green,78.0
1531,lime,37.0
1511,green,198.0
1534,green,172.0
1535,green,78.0
1536,green,172.0
3432,green,
1538,green,83.0
1539,green,40.0
1540,lime,172.0
1541,lime,3.0
3433,green,
3434,green,
1548,lime,90.0
1549,lime,119.0
1550,green,261.0
3435,green,
1554,green,119.0
1555,green,102.0
1556,green,224.0
1558,green,172.0
1559,green,90.0
1560,green,212.0
1561,green,235.0
1562,green,212.0
1563,green,224.0
1564,green,264.0
1565,green,212.0
1566,green,224.0
1567,green,224.0
1568,green,224.0
1569,green,169.0
1570,green,224.0
1571,green,212.0
1572,green,90.0
1573,green,90.0
1574,green,224.0
1524,green,244.0
9535,green,
9536,green,
10153,green,
886,green,122.0
887,green,35.0
888,green,190.0
900,lime,122.0
899,lime,105.0
903,lime,198.0
915,green,190.0
898,lime,62.0
3328,green,6.0
1623,lime,198.0
3436,green,
1588,lime,161.0
3437,green,
3438,green,
3439,green,
3440,green,
3441,green,
3442,green,
3443,green,
1596,green,171.0
1599,green,244.0
1600,green,102.0
1601,green,244.0
1602,green,135.0
1603,green,244.0
1604,green,235.0
1605,green,135.0
1606,green,135.0
1607,green,99999.0
1608,green,99999.0
1609,green,99999.0
1610,green,121.0
1611,lime,251.0
1612,lime,205.0
1613,lime,99999.0
1614,green,54.0
1615,green,203.0
1616,green,135.0
1617,green,206.0
1618,green,135.0
1619,green,205.0
1620,green,206.0
1621,green,205.0
9539,green,
927,green,62.0
10154,green,
971,green,42.0
1622,green,99999.0
1625,green,143.0
1626,green,90.0
1627,green,72.0
1628,green,128.0
1629,green,168.0
1630,green,216.0
1632,green,90.0
1633,green,72.0
1634,green,85.0
1635,green,90.0
1636,green,99999.0
1637,green,216.0
1733,green,89.0
1900,lime,38.0
1747,green,279.0
1741,green,277.0
1740,green,49.0
1746,green,257.0
1060,green,37.0
1061,green,128.0
1062,green,55.0
1063,green,224.0
589,green,184.0
590,green,252.0
591,green,40.0
593,green,6.0
599,green,15.0
600,green,173.0
601,green,117.0
602,green,18.0
1064,green,37.0
603,green,7.0
605,lime,82.0
606,lime,34.0
609,lime,15.0
1065,green,135.0
1066,green,135.0
1067,green,224.0
1754,lime,38.0
1744,green,286.0
3329,green,
1734,green,164.0
1753,lime,254.0
1756,lime,192.0
1730,green,99999.0
1737,green,49.0
1752,lime,38.0
1759,lime,198.0
1739,green,152.0
1742,green,223.0
1749,green,48.0
1748,green,152.0
1736,green,30.0
1750,green,30.0
1731,green,25.0
1763,lime,111.0
1751,lime,62.0
10155,lime,
9543,green,251.0
1143,green,18.0
1144,green,18.0
1145,green,221.0
1146,green,180.0
9546,green,144.0
9547,green,215.0
9548,green,215.0
1147,green,203.0
1148,green,210.0
9549,green,216.0
9550,lime,216.0
1149,green,177.0
9553,green,37.0
9554,green,216.0
9555,green,215.0
1150,green,177.0
1151,green,266.0
1152,green,182.0
9558,lime,37.0
1153,lime,210.0
1154,lime,165.0
10156,green,
1155,lime,147.0
610,lime,203.0
611,lime,201.0
613,green,33.0
614,green,72.0
615,green,203.0
616,green,195.0
618,green,235.0
619,green,200.0
641,green,128.0
642,green,123.0
643,green,133.0
644,green,128.0
645,green,133.0
646,green,90.0
647,green,201.0
648,green,212.0
649,green,90.0
650,green,212.0
3330,green,
1825,lime,111.0
1831,green,49.0
1846,green,277.0
1839,green,89.0
1766,lime,192.0
1811,green,257.0
1794,green,30.0
1808,green,192.0
1788,green,277.0
1789,green,30.0
1791,green,253.0
1793,green,223.0
1838,green,89.0
1782,green,49.0
1764,lime,198.0
1835,green,61.0
1816,green,164.0
1775,green,192.0
1819,green,253.0
1822,lime,198.0
1797,green,198.0
1833,green,198.0
1828,green,274.0
1760,lime,49.0
1818,green,30.0
1840,green,61.0
1827,lime,111.0
1817,green,229.0
1845,green,253.0
1774,green,38.0
1813,green,164.0
1784,green,223.0
1767,lime,38.0
1844,green,79.0
1823,lime,192.0
9559,green,
1847,green,111.0
10157,green,
10159,green,
1801,green,198.0
1829,green,192.0
1279,green,96.0
3317,green,194.0
3318,green,184.0
3319,green,
1853,green,62.0
3457,lime,251.0
1302,green,15.0
1765,lime,62.0
1780,green,164.0
1795,green,286.0
1772,lime,111.0
1810,green,192.0
1769,lime,192.0
1802,green,89.0
1820,green,223.0
1761,lime,25.0
1803,green,89.0
2143,green,27.0
1777,green,152.0
1805,green,223.0
1832,green,27.0
1928,green,111.0
1897,lime,198.0
1867,green,259.0
1921,green,256.0
1874,green,198.0
1875,green,27.0
1908,green,274.0
1885,lime,198.0
1915,green,111.0
1895,lime,111.0
1851,green,253.0
1899,lime,38.0
1903,lime,111.0
1923,green,62.0
1888,lime,192.0
1894,lime,198.0
1912,green,198.0
1871,green,64.0
1905,lime,61.0
1863,green,64.0
1880,green,89.0
1864,green,164.0
1854,green,223.0
1918,green,62.0
1902,lime,192.0
1898,lime,198.0
9560,green,
9561,green,
1815,green,64.0
1796,green,62.0
1308,green,62.0
1869,green,27.0
1873,green,198.0
10158,green,
651,green,246.0
652,green,65.0
653,green,65.0
654,green,265.0
655,green,90.0
656,green,201.0
657,green,19.0
658,lime,128.0
659,lime,126.0
1896,lime,89.0
1876,green,223.0
1911,green,198.0
1877,green,259.0
1909,green,274.0
1860,green,286.0
1881,green,64.0
1855,green,164.0
1893,lime,192.0
1886,lime,62.0
1914,lime,229.0
1857,green,63.0
1892,lime,198.0
1901,lime,192.0
1859,green,89.0
1872,green,208.0
1852,green,49.0
1947,green,62.0
1965,green,62.0
1982,green,274.0
1956,green,198.0
1960,lime,198.0
1950,green,198.0
1968,green,131.0
1972,green,49.0
1975,green,164.0
2004,green,164.0
1969,green,208.0
1974,green,17.0
1983,green,24.0
1988,green,49.0
1990,green,254.0
1993,green,131.0
1994,green,49.0
1995,green,49.0
1996,green,62.0
1999,green,49.0
2002,green,17.0
2017,green,111.0
1951,lime,198.0
1991,green,164.0
9562,green,
9565,green,
9567,green,
9568,green,
9569,green,
1949,green,62.0
2008,green,62.0
1868,green,27.0
10160,green,278.0
1919,green,282.0
10161,green,93.0
10162,green,253.0
10163,green,253.0
660,lime,201.0
661,lime,90.0
662,lime,135.0
663,lime,246.0
664,lime,76.0
665,lime,65.0
666,lime,2.0
667,lime,90.0
1985,green,111.0
2016,green,62.0
1967,green,62.0
1998,green,111.0
2015,green,111.0
1986,green,111.0
1970,green,164.0
1989,green,24.0
1942,green,62.0
1981,green,111.0
1945,green,89.0
1971,green,164.0
1997,green,111.0
1952,lime,62.0
1944,green,198.0
1957,lime,105.0
1992,green,49.0
1948,green,62.0
1966,green,198.0
1980,green,24.0
2003,green,198.0
1984,green,111.0
2453,green,223.0
1958,lime,198.0
1955,green,198.0
1978,green,24.0
2024,green,49.0
2044,green,278.0
2028,green,49.0
2030,green,49.0
2029,green,198.0
2038,green,62.0
2077,green,111.0
2053,green,223.0
2027,green,198.0
2083,green,198.0
2035,green,62.0
2100,green,63.0
2040,lime,198.0
2102,green,30.0
2060,green,64.0
9563,green,
9564,green,
9566,green,
9570,green,
2045,green,24.0
2067,green,62.0
10164,green,
2001,green,62.0
1987,green,111.0
2006,green,62.0
3326,green,6.0
3327,green,
1532,green,164.0
1510,green,62.0
2043,green,223.0
2082,green,111.0
2108,green,256.0
2066,green,111.0
2104,green,111.0
2107,green,5.0
2073,green,63.0
2075,green,111.0
2076,green,256.0
2078,green,27.0
2020,lime,198.0
2064,green,223.0
2091,green,256.0
2090,green,24.0
2087,green,259.0
2088,green,111.0
2089,green,105.0
2092,green,111.0
2034,green,192.0
2095,green,256.0
2070,green,61.0
2097,green,62.0
2099,green,62.0
2033,green,111.0
2025,green,111.0
2046,green,111.0
2036,green,49.0
2072,green,62.0
2031,green,62.0
2041,lime,62.0
2534,green,62.0
2098,green,62.0
2080,green,63.0
2103,green,111.0
2052,green,111.0
2063,green,63.0
2074,green,111.0
2032,green,111.0
2056,green,94.0
2084,green,111.0
2101,green,275.0
2105,green,282.0
2153,lime,62.0
2112,lime,198.0
2159,green,198.0
2195,green,89.0
2145,green,111.0
2135,green,27.0
2138,green,111.0
9571,green,
9573,green,
2156,lime,62.0
2147,green,62.0
2094,green,257.0
2157,green,62.0
10165,green,
668,lime,76.0
669,lime,267.0
2137,green,259.0
2170,green,192.0
2142,green,259.0
2114,lime,256.0
2150,green,38.0
2123,green,38.0
2129,green,111.0
2116,green,38.0
2187,green,64.0
2164,green,156.0
2166,green,48.0
2189,green,111.0
2141,green,259.0
2172,green,215.0
2174,green,215.0
2134,green,229.0
2110,lime,256.0
2124,green,256.0
2155,lime,259.0
2182,green,111.0
2183,green,111.0
2121,green,198.0
2188,green,111.0
2191,green,27.0
2173,green,62.0
2193,green,215.0
2132,green,254.0
2167,green,282.0
2139,green,27.0
2181,green,277.0
2127,green,111.0
2169,green,64.0
2190,green,111.0
2115,green,198.0
2162,green,94.0
569,lime,90.0
2152,lime,62.0
2131,green,229.0
2149,green,111.0
2161,green,27.0
2119,green,38.0
2186,green,89.0
2126,green,259.0
2180,green,111.0
2271,green,274.0
2211,green,256.0
2212,green,223.0
2263,green,38.0
2198,green,111.0
2221,green,156.0
2238,green,257.0
2256,green,94.0
2224,green,35.0
9572,green,
9574,green,
2122,green,62.0
2228,green,62.0
2146,green,62.0
2163,green,27.0
10166,green,
2232,green,198.0
2234,green,257.0
2233,green,27.0
2201,green,25.0
2272,green,198.0
2317,lime,198.0
2235,green,192.0
2246,green,62.0
2264,green,256.0
2254,green,156.0
2282,green,24.0
2255,green,131.0
2204,green,64.0
2259,lime,62.0
2260,lime,256.0
2244,green,111.0
2286,green,198.0
2266,green,256.0
2209,green,198.0
2243,green,198.0
2269,lime,111.0
2219,green,62.0
2275,green,38.0
2276,green,79.0
2278,green,24.0
2277,green,25.0
2525,lime,62.0
2203,green,192.0
2200,green,256.0
2285,green,128.0
2202,green,277.0
2239,green,93.0
2220,green,192.0
2274,green,25.0
2210,green,62.0
2207,green,257.0
2229,green,277.0
2242,green,93.0
2208,green,257.0
2252,green,38.0
2222,green,192.0
2240,green,257.0
2245,green,257.0
2215,lime,223.0
2321,lime,64.0
2362,green,256.0
2290,green,257.0
2301,green,61.0
2360,green,111.0
2346,green,111.0
2363,green,111.0
2352,green,198.0
9575,lime,
2257,green,64.0
2218,green,62.0
2249,green,62.0
2225,green,257.0
2205,green,257.0
10167,green,
10168,green,
2251,green,274.0
1792,green,89.0
2300,green,27.0
2303,lime,38.0
2305,green,111.0
2371,green,164.0
2307,lime,62.0
2308,lime,89.0
2310,green,38.0
2311,green,254.0
2312,green,256.0
2313,green,48.0
2314,green,253.0
2315,green,223.0
2316,green,48.0
2318,lime,38.0
2320,lime,198.0
2325,green,198.0
2326,green,163.0
2327,green,192.0
2328,green,191.0
2369,green,64.0
2354,green,198.0
2292,green,62.0
2334,lime,198.0
2293,green,198.0
2337,lime,90.0
2338,green,232.0
2339,green,117.0
2364,green,164.0
2365,green,111.0
2359,green,256.0
2343,green,62.0
2345,green,62.0
2348,green,64.0
2356,green,79.0
2344,green,198.0
2361,green,62.0
2366,green,254.0
2319,lime,192.0
2368,green,257.0
2370,green,254.0
2372,green,156.0
586,lime,252.0
2350,green,198.0
2287,green,152.0
2347,green,282.0
2291,green,62.0
2335,lime,62.0
2324,green,62.0
2323,green,62.0
2297,lime,198.0
2351,green,198.0
2358,green,282.0
2302,green,4.0
2375,green,30.0
2377,green,156.0
2380,green,156.0
2382,green,62.0
2385,green,164.0
9576,green,
9577,green,
10169,green,
1889,lime,111.0
1878,green,277.0
1865,green,25.0
1858,green,254.0
2381,green,49.0
2389,lime,111.0
2428,green,64.0
2392,green,164.0
2393,green,256.0
2395,green,79.0
2396,green,5.0
2397,green,24.0
2378,green,111.0
2401,green,25.0
2402,green,62.0
2398,green,61.0
2376,green,61.0
2411,green,257.0
2442,green,198.0
2374,green,164.0
2412,green,229.0
2413,green,111.0
2414,green,24.0
2418,lime,253.0
2419,green,5.0
2423,green,93.0
2424,green,253.0
2425,green,253.0
2426,green,30.0
2429,green,93.0
2430,green,24.0
2431,green,62.0
2432,green,253.0
2415,green,256.0
2416,green,27.0
2400,green,198.0
2436,lime,256.0
2438,lime,62.0
2439,lime,27.0
2440,green,62.0
2441,green,62.0
2448,green,62.0
2449,lime,62.0
2405,lime,198.0
2451,lime,62.0
2452,lime,62.0
2455,green,111.0
2456,green,160.0
2437,lime,208.0
2458,green,111.0
2459,green,253.0
2390,green,192.0
2386,green,111.0
2373,green,111.0
2422,green,192.0
2379,green,61.0
2427,green,93.0
2417,green,111.0
2421,green,25.0
2420,green,25.0
2409,green,257.0
10170,green,63.0
10171,green,63.0
670,green,15.0
671,green,102.0
672,green,92.0
673,green,90.0
674,green,76.0
2383,green,254.0
2483,green,63.0
2468,green,62.0
2469,green,25.0
2470,green,208.0
2471,green,160.0
2473,green,94.0
2474,green,24.0
2482,green,89.0
2476,lime,62.0
2492,green,38.0
2479,green,254.0
2485,green,257.0
2487,green,62.0
2488,green,111.0
2489,lime,62.0
2490,lime,62.0
2533,green,62.0
2493,green,222.0
2494,lime,111.0
2496,green,62.0
2501,green,62.0
2477,green,63.0
2472,green,79.0
2505,green,93.0
2507,green,222.0
2508,green,257.0
2510,lime,62.0
2524,lime,198.0
2521,green,62.0
2450,lime,62.0
2526,green,62.0
2527,green,62.0
2528,green,62.0
2509,green,25.0
2530,green,62.0
2535,green,62.0
2463,green,64.0
2537,green,62.0
2538,green,62.0
2486,green,38.0
2480,green,62.0
2460,lime,94.0
2484,green,223.0
604,lime,62.0
2461,lime,160.0
2466,green,111.0
2498,green,63.0
10172,green,
2055,green,223.0
2022,lime,254.0
2506,green,93.0
2499,green,38.0
2481,green,62.0
2500,green,253.0
2158,green,62.0
1943,green,62.0
304,lime,62.0
6,green,62.0
414,lime,62.0
208,green,62.0
880,green,62.0
366,green,62.0
768,green,62.0
2341,green,62.0
914,green,63.0
1922,green,62.0
2042,green,62.0
805,green,62.0
1977,green,62.0
336,lime,62.0
2069,green,62.0
247,green,62.0
2309,green,62.0
1768,lime,62.0
117,green,198.0
592,green,92.0
607,lime,75.0
594,green,64.0
847,lime,51.0
2283,green,62.0
1336,green,62.0
278,green,62.0
2502,green,257.0
1926,lime,62.0
10173,lime,
2175,green,198.0
2113,lime,62.0
943,lime,176.0
992,lime,196.0
1025,green,135.0
1026,green,177.0
1099,lime,83.0
1485,green,246.0
916,green,62.0
2062,green,111.0
2247,green,62.0
2248,green,111.0
2279,lime,25.0
2349,lime,192.0
2387,green,99999.0
2503,green,253.0
2616,green,
2342,green,62.0
2590,lime,
2591,lime,
2592,lime,
2593,lime,
2595,lime,
2596,green,
2597,green,
2617,green,
2618,green,
2619,green,
2588,green,251.0
2620,green,
2600,green,
2621,green,
2603,green,
2607,green,
2608,green,
9582,green,
9583,green,
9584,green,
9585,green,
202,lime,62.0
675,green,135.0
676,green,90.0
677,green,123.0
678,green,99999.0
2610,green,
2612,green,
2613,green,
2614,green,
2615,green,
2622,green,
2623,green,
2624,green,
2625,green,
2626,green,
2627,green,
3745,lime,
3746,lime,
2631,lime,
2633,lime,
2634,lime,
2635,green,
2636,green,
2640,green,
2641,green,
2642,green,
2643,green,
2645,lime,
2648,lime,
2649,lime,
2650,green,
2651,green,
2659,lime,82.0
2661,lime,82.0
2662,lime,82.0
2664,lime,251.0
2665,lime,251.0
2666,lime,
2667,lime,
2669,green,
2670,green,
2671,green,
2672,green,
2673,green,
2674,green,
2675,green,251.0
2676,green,171.0
2677,green,15.0
2678,green,
9586,green,
9588,green,
9590,lime,
1726,green,62.0
679,green,162.0
680,green,65.0
2679,green,251.0
2680,green,
2681,green,
2711,green,
3449,green,
3733,green,
3734,green,
3735,green,
3736,green,251.0
3737,green,
3740,green,
3741,lime,251.0
3742,lime,251.0
3747,lime,
3749,green,
3750,green,
3751,green,251.0
2704,green,
2705,green,
2706,green,
9587,green,
9589,lime,
2151,lime,105.0
681,green,76.0
682,green,169.0
683,green,246.0
684,green,133.0
2707,green,
2716,green,
2717,green,
2718,green,
2719,green,
2720,green,
2721,green,
2722,green,
2723,green,
2724,green,
2725,green,
2726,green,251.0
2727,green,
2728,green,
2795,green,164.0
2729,green,
2730,lime,
2731,lime,
2732,lime,
2733,lime,
2734,lime,
2735,lime,
2736,green,
2737,green,
2738,green,
2739,green,
2740,green,
2741,green,251.0
2742,lime,
2743,lime,
2744,lime,
2745,lime,
2746,green,251.0
2747,green,
2748,lime,
2749,lime,
2750,lime,
2751,lime,171.0
2752,lime,171.0
2753,green,293.0
5107,lime,198.0
2462,green,62.0
2495,green,79.0
2465,green,62.0
2755,green,171.0
2756,green,171.0
2757,green,
2758,green,
2759,green,
2760,green,
2761,green,
2762,green,
2764,green,
2765,green,
2767,green,
2768,green,
2769,green,171.0
2770,green,
2771,green,171.0
2772,green,
2773,lime,
2774,lime,
2775,lime,171.0
2776,green,
2777,green,
2778,green,171.0
2779,green,171.0
2780,green,
2781,green,
2782,green,
2804,green,164.0
2784,green,
2785,lime,
2786,lime,
2787,green,
2788,green,
2789,green,
2790,green,
2791,green,171.0
2792,green,171.0
2798,green,164.0
2808,green,164.0
2815,green,272.0
2813,green,272.0
2811,green,164.0
2799,green,164.0
2817,green,272.0
2807,green,164.0
2797,green,164.0
2801,green,164.0
2796,green,164.0
2794,green,164.0
9593,lime,
9594,lime,
9598,green,
9599,green,
9600,green,
9602,green,
2763,green,293.0
2766,green,293.0
2861,green,62.0
2849,lime,24.0
42,green,62.0
907,lime,62.0
1341,lime,62.0
2880,green,62.0
1799,green,62.0
748,green,62.0
2816,green,272.0
2814,green,272.0
2812,green,272.0
2805,green,164.0
2800,green,164.0
2809,green,164.0
2806,green,164.0
2802,green,164.0
2848,green,24.0
2870,green,62.0
2868,lime,62.0
2835,green,272.0
2823,green,272.0
2878,green,62.0
2833,green,272.0
2830,green,272.0
2846,green,24.0
2882,green,62.0
2841,green,24.0
2843,green,24.0
2844,green,24.0
2877,green,62.0
2836,green,272.0
2831,green,272.0
2820,green,272.0
2819,green,272.0
2839,green,272.0
2829,green,272.0
2840,green,24.0
9595,green,
9596,green,
9597,green,
9601,green,
2864,green,62.0
168,lime,62.0
2875,green,62.0
2879,green,62.0
2876,lime,62.0
2873,green,62.0
2874,green,62.0
184,green,62.0
2019,lime,62.0
2847,lime,24.0
2140,green,62.0
524,lime,105.0
1727,green,62.0
2907,green,62.0
2023,green,62.0
523,lime,34.0
2827,green,272.0
2860,green,273.0
2852,green,273.0
2842,green,24.0
2824,green,272.0
2834,green,272.0
2845,green,24.0
2821,green,272.0
2822,green,272.0
2832,green,272.0
2837,green,272.0
2826,green,272.0
2871,green,62.0
2919,green,62.0
2933,green,270.0
2924,green,270.0
2935,green,270.0
2893,green,62.0
2883,green,62.0
2931,green,270.0
2939,green,152.0
2949,green,152.0
2938,green,270.0
2936,green,270.0
2891,green,62.0
2922,green,270.0
2945,green,152.0
2942,green,152.0
2948,green,152.0
2943,green,152.0
2923,green,270.0
2929,green,270.0
9603,lime,
9605,lime,
2851,green,24.0
2850,green,24.0
2258,lime,62.0
2892,green,62.0
2872,green,62.0
2881,green,62.0
2818,lime,272.0
626,lime,62.0
2475,lime,198.0
2355,green,62.0
2957,green,152.0
2884,green,62.0
2885,green,62.0
2944,green,152.0
2955,green,152.0
2886,green,62.0
2894,green,62.0
2927,green,270.0
2951,green,152.0
2890,green,62.0
744,lime,216.0
2956,green,152.0
2940,green,152.0
2901,green,62.0
2928,green,270.0
2950,green,152.0
2926,green,270.0
2934,green,270.0
2952,green,152.0
2889,green,62.0
9604,lime,
2947,green,152.0
2887,green,62.0
2937,green,270.0
2888,green,62.0
2925,green,270.0
2930,green,270.0
2998,green,257.0
2966,green,257.0
2965,green,257.0
3015,green,38.0
2967,green,257.0
2981,green,257.0
2978,green,257.0
2983,green,257.0
2990,green,257.0
2964,green,257.0
2920,green,111.0
2989,green,257.0
2987,green,257.0
2982,green,257.0
2977,green,257.0
2976,green,257.0
2962,green,257.0
2968,green,257.0
2959,green,152.0
2988,green,257.0
2971,green,257.0
2946,green,111.0
2953,lime,152.0
2954,lime,152.0
2963,lime,257.0
2628,green,
2632,green,
2638,green,
2639,green,
2644,green,
2646,lime,
2647,lime,
3446,lime,
3447,lime,
3448,lime,
685,green,249.0
686,green,128.0
687,lime,251.0
688,lime,90.0
689,lime,128.0
690,lime,99999.0
2629,green,
2630,green,
2663,lime,251.0
2999,green,257.0
2960,green,152.0
3007,green,38.0
3004,green,38.0
2986,green,257.0
2969,green,257.0
2973,green,257.0
2991,green,257.0
2979,green,257.0
2996,green,257.0
2997,green,257.0
2984,green,257.0
2993,green,257.0
2972,green,257.0
3017,green,38.0
2975,green,257.0
2974,green,257.0
2980,green,257.0
3000,green,257.0
3001,green,257.0
3005,green,38.0
3008,green,38.0
3009,green,38.0
3013,green,38.0
2970,green,257.0
3010,green,38.0
3011,green,38.0
2961,green,257.0
3014,green,38.0
2994,green,257.0
3016,green,38.0
3018,green,38.0
2995,green,257.0
3023,green,38.0
3024,green,38.0
3025,green,38.0
3026,green,38.0
3027,green,38.0
3028,green,38.0
3030,green,38.0
3031,green,38.0
3020,green,38.0
3032,green,38.0
3034,green,38.0
3035,green,38.0
3036,green,38.0
3037,green,38.0
3038,green,38.0
3039,green,38.0
3040,green,38.0
3041,green,38.0
2958,lime,152.0
3019,lime,38.0
3033,lime,38.0
741,lime,82.0
742,lime,15.0
743,lime,206.0
745,lime,206.0
746,lime,82.0
747,green,179.0
2699,green,
3748,green,251.0
749,green,92.0
750,green,143.0
2700,green,
2708,green,
751,green,36.0
752,green,206.0
753,green,82.0
754,green,143.0
755,green,78.0
756,green,197.0
757,green,197.0
758,green,203.0
759,green,140.0
760,green,99999.0
761,green,197.0
762,lime,251.0
763,lime,206.0
764,lime,150.0
765,lime,75.0
766,lime,143.0
2709,green,
2710,green,251.0
3043,green,38.0
3021,green,38.0
3046,green,38.0
3047,green,38.0
3022,green,38.0
3048,green,38.0
3049,green,38.0
3051,green,38.0
3052,green,38.0
3053,green,38.0
3044,green,38.0
3042,green,274.0
34674,green,256.0
2701,green,
2702,green,
2703,green,
3054,green,38.0
3056,green,38.0
3057,green,38.0
3058,green,38.0
3059,green,38.0
3060,green,38.0
3061,green,38.0
3062,green,38.0
3064,green,38.0
3065,green,38.0
3066,green,38.0
3067,green,38.0
3068,green,38.0
3069,green,38.0
3070,green,38.0
3071,green,38.0
3072,green,38.0
3073,green,38.0
3074,green,38.0
3075,green,38.0
3076,green,38.0
3077,green,38.0
3078,green,38.0
3080,green,38.0
3081,green,38.0
3082,green,38.0
3087,green,38.0
3089,green,38.0
3090,green,38.0
3083,green,38.0
3091,green,38.0
3092,green,38.0
3093,green,38.0
3094,green,38.0
3095,green,38.0
3096,green,38.0
3097,green,38.0
3098,green,38.0
3099,green,38.0
3100,green,38.0
3101,green,38.0
3103,green,38.0
3104,green,38.0
3105,green,38.0
3084,green,38.0
3106,green,38.0
3107,green,38.0
3108,green,38.0
3109,green,38.0
3110,green,38.0
3111,green,38.0
9609,green,
3112,green,38.0
9610,green,
3086,lime,38.0
3113,green,38.0
3114,green,38.0
767,green,51.0
769,green,102.0
770,green,75.0
3115,green,38.0
3116,green,38.0
3117,green,38.0
3118,green,38.0
3120,green,38.0
3121,green,38.0
3122,green,38.0
3085,green,38.0
3124,green,38.0
3125,green,38.0
3126,green,38.0
3128,green,38.0
3129,green,38.0
3130,green,38.0
3131,green,38.0
3132,green,38.0
3133,green,38.0
3134,green,38.0
3135,green,38.0
3136,green,38.0
3138,green,38.0
3139,green,38.0
3140,green,38.0
3141,green,38.0
3142,green,38.0
3143,green,38.0
3144,green,38.0
3148,green,38.0
3150,green,38.0
3151,green,38.0
3152,green,38.0
3153,green,38.0
3197,green,275.0
3154,green,38.0
3156,green,38.0
3157,green,38.0
3158,green,38.0
3160,green,38.0
3161,green,38.0
3206,green,275.0
3162,green,38.0
3163,green,38.0
3164,green,38.0
3165,green,38.0
3167,green,38.0
3168,green,38.0
3166,green,274.0
3203,green,275.0
3190,green,275.0
3169,green,38.0
3171,green,38.0
3172,green,38.0
3174,green,38.0
3175,green,38.0
9611,green,
3123,lime,38.0
2838,green,272.0
2825,green,272.0
2828,green,272.0
3201,green,275.0
3170,green,38.0
3176,green,38.0
3178,green,38.0
3181,green,38.0
3198,green,275.0
3200,green,275.0
3202,green,275.0
3183,green,38.0
3184,green,38.0
3185,green,38.0
3186,green,38.0
3192,green,275.0
3194,green,275.0
3204,green,275.0
3195,green,275.0
3199,green,275.0
3193,green,275.0
3205,green,275.0
3146,green,38.0
3188,green,275.0
3191,green,275.0
3187,green,275.0
3189,green,275.0
3155,green,38.0
3145,green,38.0
3744,lime,251.0
3222,green,276.0
3213,green,223.0
3251,green,276.0
3238,green,276.0
3245,green,276.0
3223,green,276.0
3208,green,223.0
3240,green,276.0
3256,green,276.0
3237,green,276.0
3267,green,254.0
3250,green,276.0
3224,green,276.0
3248,green,276.0
3247,green,276.0
3234,green,276.0
3254,green,276.0
3252,green,276.0
3246,green,276.0
3229,green,276.0
3218,green,223.0
3253,green,276.0
2668,green,293.0
2754,green,293.0
9612,green,194.0
9613,green,184.0
2932,green,270.0
2941,green,152.0
3236,green,276.0
3216,green,223.0
3268,green,254.0
3226,green,276.0
3269,green,254.0
3266,green,254.0
3243,green,276.0
3244,green,276.0
3212,green,223.0
3227,green,276.0
3221,green,223.0
3220,green,223.0
3228,green,276.0
3249,green,276.0
3217,green,223.0
3230,green,276.0
3225,green,276.0
3215,green,223.0
3211,green,223.0
3262,green,254.0
3241,green,276.0
3210,green,223.0
3257,green,276.0
3258,green,276.0
3259,green,276.0
3260,green,276.0
3261,green,276.0
3231,green,276.0
3296,green,254.0
3293,green,254.0
3271,green,254.0
3270,green,254.0
3291,green,254.0
3274,green,254.0
3297,green,254.0
3280,green,254.0
3284,green,254.0
3450,green,
3451,green,
3452,green,
3453,green,
9614,green,205.0
9615,green,40.0
9616,green,176.0
3265,lime,254.0
771,green,75.0
772,green,51.0
773,green,121.0
3759,lime,
3760,lime,
3761,lime,
3762,green,
3763,green,
3765,green,
3766,green,
3767,green,
3768,green,
3770,green,
3772,green,
3774,green,
3775,green,
3776,green,
3851,green,111.0
3845,green,111.0
3847,green,111.0
1856,green,111.0
3848,green,111.0
3849,green,111.0
3850,green,111.0
3852,green,111.0
3853,green,111.0
3854,green,111.0
3855,green,111.0
3856,green,111.0
3857,green,111.0
3858,green,111.0
3859,green,111.0
309,lime,198.0
397,green,198.0
3871,green,111.0
3873,green,111.0
3874,green,111.0
3875,green,111.0
3872,green,111.0
9617,green,47.0
9618,lime,194.0
9619,lime,82.0
774,green,33.0
775,green,35.0
3933,green,64.0
2057,green,64.0
3863,green,111.0
3916,green,64.0
3918,green,64.0
3919,green,64.0
3922,green,64.0
2085,green,64.0
2125,green,111.0
3865,green,111.0
3866,green,111.0
3867,green,111.0
3868,green,111.0
3869,green,111.0
3870,green,111.0
2118,green,111.0
3860,green,111.0
3861,green,111.0
3879,green,111.0
2853,green,273.0
3882,green,111.0
2859,green,273.0
2096,green,111.0
3884,green,111.0
3931,lime,64.0
3932,green,64.0
3934,green,64.0
3935,green,64.0
1057,green,264.0
1058,green,264.0
1059,green,95.0
3885,green,111.0
3887,green,111.0
944,lime,38.0
3889,green,111.0
3890,green,111.0
190,green,111.0
3891,green,111.0
3892,green,111.0
3894,green,111.0
3895,green,111.0
3897,green,111.0
3898,green,111.0
2856,green,273.0
3900,green,111.0
3901,green,111.0
3902,green,111.0
3903,green,111.0
3904,green,111.0
3905,green,111.0
3906,green,111.0
1837,green,111.0
3907,green,111.0
3908,green,111.0
3910,green,111.0
3911,green,111.0
3006,green,274.0
3876,green,111.0
2857,green,273.0
3886,green,111.0
3880,green,111.0
2858,green,273.0
3877,green,111.0
3878,green,111.0
2855,green,273.0
3881,green,111.0
3883,green,111.0
2504,green,111.0
3888,green,111.0
2268,green,111.0
2296,green,111.0
3893,green,111.0
3896,green,111.0
3899,green,111.0
241,lime,111.0
3909,green,111.0
3954,green,64.0
3973,green,287.0
9622,lime,177.0
3955,green,64.0
2854,lime,273.0
1907,green,274.0
3012,green,274.0
3963,green,282.0
776,green,206.0
777,lime,99999.0
714,green,200.0
9666,lime,
3956,green,64.0
3974,green,287.0
118,green,282.0
3971,green,287.0
3968,green,281.0
3943,green,64.0
3972,green,287.0
3937,green,64.0
1836,green,64.0
2171,green,64.0
3969,green,281.0
3946,green,64.0
3947,green,64.0
3952,green,64.0
3953,green,64.0
3939,green,64.0
3967,green,281.0
4020,green,198.0
4007,green,198.0
4022,green,198.0
4008,green,198.0
4009,green,198.0
4025,green,198.0
1494,green,198.0
4016,green,198.0
141,green,62.0
9627,green,86.0
9628,green,78.0
1920,green,64.0
4019,lime,198.0
4028,lime,198.0
3964,green,282.0
3962,green,282.0
3219,green,223.0
3232,green,276.0
4023,green,198.0
4029,green,198.0
4010,green,198.0
4024,green,198.0
2216,green,198.0
148,green,62.0
4017,green,198.0
4013,green,198.0
4027,green,198.0
1457,green,198.0
4014,green,192.0
4015,green,198.0
1757,lime,62.0
4012,green,198.0
4073,green,198.0
4031,green,198.0
901,lime,198.0
908,lime,198.0
4030,green,198.0
1954,green,198.0
2536,green,198.0
9629,lime,117.0
9630,lime,205.0
2223,green,62.0
1463,green,62.0
4026,lime,198.0
9649,green,62.0
4021,lime,198.0
4011,lime,198.0
4069,lime,198.0
4018,green,198.0
4039,green,198.0
4065,green,198.0
4062,green,198.0
3277,green,254.0
3273,green,254.0
3294,green,254.0
9635,green,7.0
3287,green,254.0
798,green,101.0
3272,green,254.0
3286,green,254.0
799,green,252.0
800,green,199.0
820,green,62.0
802,green,194.0
803,green,184.0
804,green,201.0
806,green,200.0
807,green,201.0
3288,green,254.0
3281,green,254.0
3283,green,254.0
4032,green,198.0
4071,green,198.0
952,green,198.0
3289,green,254.0
3276,lime,254.0
4072,lime,198.0
9642,green,
3752,green,
3753,green,
3754,green,
3755,green,
808,green,85.0
809,green,40.0
810,green,193.0
811,green,118.0
3756,lime,
812,green,193.0
9651,green,62.0
813,green,215.0
9685,green,70.0
814,green,51.0
815,green,176.0
816,green,124.0
817,green,194.0
818,green,26.0
819,green,182.0
9686,green,70.0
821,green,176.0
9687,green,146.0
822,green,124.0
823,green,200.0
824,lime,75.0
825,lime,194.0
826,lime,51.0
827,lime,177.0
828,lime,110.0
829,lime,201.0
831,lime,40.0
9688,green,184.0
832,lime,193.0
833,lime,41.0
834,green,205.0
835,green,51.0
9689,green,51.0
9690,green,78.0
9691,green,40.0
9692,green,215.0
9693,green,41.0
9694,green,44.0
9695,green,86.0
9696,green,47.0
9697,green,26.0
9698,green,7.0
9699,lime,47.0
9700,lime,146.0
9701,lime,40.0
9702,lime,41.0
34739,green,93.0
34740,green,93.0
34741,green,93.0
34742,green,93.0
34743,green,93.0
3842,green,111.0
3843,green,111.0
3844,green,111.0
905,lime,198.0
2404,green,198.0
2051,green,198.0
4104,green,198.0
4102,green,198.0
4086,green,198.0
4081,green,198.0
2399,green,198.0
9662,green,
4091,green,198.0
2026,green,198.0
4079,green,198.0
4092,green,198.0
4094,green,198.0
9713,green,62.0
4098,green,198.0
4097,green,198.0
4083,green,198.0
2111,lime,198.0
2047,green,198.0
1,green,198.0
2068,green,198.0
2478,green,198.0
4076,green,198.0
4088,green,198.0
4078,green,198.0
2176,green,198.0
4121,green,198.0
2226,green,198.0
4122,green,198.0
4123,green,198.0
4111,green,198.0
4118,green,198.0
2289,lime,198.0
4110,green,198.0
4119,green,198.0
4136,green,198.0
4108,green,198.0
9643,green,
9644,green,
9645,green,
9711,green,198.0
4070,lime,198.0
4082,green,198.0
4037,green,198.0
4033,green,198.0
4047,green,198.0
4040,green,198.0
4134,green,198.0
2433,green,111.0
3928,green,64.0
801,green,215.0
3862,green,111.0
3929,green,64.0
4124,green,198.0
4114,green,198.0
9646,green,
9653,green,15.0
2403,green,198.0
9654,green,15.0
2009,green,198.0
9459,green,25.0
4115,green,198.0
2284,green,198.0
4135,green,198.0
34896,lime,25.0
4125,green,198.0
1729,green,198.0
4129,green,198.0
4107,green,198.0
4130,green,198.0
2250,green,198.0
4105,green,198.0
2434,lime,198.0
9458,green,254.0
4168,green,63.0
4158,green,63.0
4183,green,63.0
9660,green,
9707,green,62.0
9708,green,62.0
9709,lime,62.0
9712,green,198.0
4112,green,198.0
4127,lime,198.0
4132,lime,198.0
4128,lime,198.0
4106,lime,198.0
4538,green,4.0
4166,green,63.0
4171,green,63.0
4163,green,63.0
4169,green,63.0
4170,green,63.0
4180,green,63.0
4157,green,63.0
4159,green,63.0
4181,green,63.0
4161,green,63.0
4164,green,63.0
4179,green,63.0
9460,green,198.0
4162,green,63.0
4176,green,63.0
4155,green,63.0
4153,green,63.0
4160,green,63.0
4177,green,63.0
4167,green,63.0
4182,green,63.0
4178,green,63.0
4174,green,63.0
4154,green,63.0
4156,green,63.0
4172,green,63.0
4165,green,63.0
4175,green,63.0
4191,green,286.0
4194,green,286.0
4186,green,63.0
4209,green,283.0
4185,green,63.0
4201,green,283.0
4197,green,286.0
1743,green,286.0
1786,green,286.0
4190,green,286.0
4200,green,283.0
4207,green,283.0
4184,green,63.0
4187,green,63.0
4203,green,283.0
4144,green,198.0
4148,green,198.0
851,green,176.0
3966,green,281.0
852,green,194.0
853,green,117.0
854,green,46.0
855,green,200.0
857,green,200.0
858,green,199.0
859,lime,110.0
860,lime,20.0
861,lime,172.0
3970,green,281.0
4198,green,286.0
4211,green,283.0
4202,green,283.0
9467,lime,254.0
4241,green,5.0
4253,green,285.0
4250,green,285.0
4215,green,29.0
4233,green,5.0
4238,green,5.0
4252,green,285.0
4216,green,29.0
4217,green,29.0
4218,green,29.0
4219,green,29.0
4225,green,29.0
4240,green,5.0
1890,lime,5.0
4247,green,5.0
4244,green,5.0
1781,green,5.0
4230,green,5.0
4234,green,5.0
4232,green,5.0
4231,green,5.0
4220,green,29.0
4248,green,5.0
4236,green,5.0
4221,green,29.0
4228,green,272.0
3343,green,135.0
4245,green,5.0
9661,green,
9664,green,
4226,lime,29.0
3976,green,287.0
3977,green,287.0
3978,green,287.0
3975,green,287.0
9663,green,
9665,green,
9714,green,
242,lime,62.0
862,lime,171.0
863,lime,135.0
864,lime,224.0
866,green,260.0
867,green,95.0
868,green,169.0
870,green,87.0
871,green,87.0
872,green,50.0
873,green,37.0
874,green,228.0
5118,green,270.0
878,green,166.0
879,green,35.0
883,green,35.0
881,green,122.0
882,green,190.0
884,green,190.0
885,green,31.0
917,green,190.0
918,green,190.0
919,green,190.0
34777,green,278.0
928,green,176.0
929,green,85.0
930,green,83.0
931,green,199.0
932,green,237.0
933,green,263.0
934,green,99.0
935,green,239.0
936,green,22.0
937,green,176.0
938,green,122.0
939,green,159.0
940,lime,176.0
941,lime,85.0
942,lime,13.0
923,green,62.0
945,green,144.0
947,green,83.0
948,green,99.0
949,green,22.0
950,green,237.0
4249,green,285.0
4222,green,29.0
4251,green,285.0
4237,green,5.0
4235,green,5.0
4229,green,272.0
4243,green,5.0
4283,green,280.0
4273,green,280.0
4274,green,280.0
4275,green,280.0
34897,lime,25.0
4254,green,285.0
4255,green,285.0
4276,green,280.0
4261,green,285.0
4277,green,280.0
4262,green,285.0
4256,green,285.0
4263,green,285.0
4278,green,280.0
1233,green,280.0
4267,green,285.0
4257,green,285.0
4269,green,285.0
4268,green,285.0
9667,green,224.0
9668,lime,90.0
9669,lime,90.0
9670,lime,206.0
2658,,62.0
9465,green,62.0
9715,green,305.0
9718,green,208.0
9719,lime,62.0
4281,lime,280.0
3914,green,64.0
4259,lime,285.0
4279,lime,280.0
3915,green,64.0
3917,green,64.0
3923,green,64.0
3925,green,64.0
3926,green,64.0
3927,green,64.0
3936,green,64.0
951,green,239.0
906,lime,62.0
953,green,176.0
954,green,176.0
955,green,231.0
956,lime,144.0
957,lime,158.0
958,lime,216.0
959,lime,99.0
4264,green,285.0
4271,green,285.0
4258,green,285.0
4272,green,285.0
4265,green,285.0
4284,green,280.0
4285,green,280.0
4266,green,285.0
9464,green,
9671,lime,
9720,green,
9716,green,305.0
9717,green,305.0
9721,green,
4280,lime,280.0
4260,lime,285.0
34898,lime,38.0
4286,lime,280.0
3940,green,64.0
3941,green,64.0
3959,green,282.0
3958,green,282.0
3960,green,282.0
9672,lime,
9673,lime,
4080,green,198.0
4306,green,93.0
4074,green,198.0
4075,green,198.0
4307,green,93.0
2000,green,198.0
4077,green,198.0
4308,green,93.0
4101,green,198.0
4099,green,198.0
81,green,198.0
627,green,198.0
4096,green,198.0
75,green,25.0
4100,green,198.0
4309,green,93.0
4310,green,93.0
4354,green,156.0
4340,green,156.0
4350,green,156.0
4349,green,156.0
9466,green,254.0
4393,green,284.0
4360,green,156.0
4389,green,49.0
4369,green,156.0
9722,green,62.0
138,green,27.0
4090,lime,198.0
4103,lime,198.0
3944,green,64.0
3951,green,64.0
3938,green,64.0
3945,green,64.0
3948,green,64.0
4064,green,198.0
4311,green,93.0
4312,green,93.0
4113,green,198.0
4052,green,198.0
960,lime,239.0
961,lime,181.0
962,lime,1.0
963,lime,215.0
964,lime,184.0
965,lime,129.0
966,lime,124.0
967,lime,92.0
968,lime,51.0
969,lime,46.0
970,green,196.0
904,lime,105.0
1486,green,139.0
4365,green,156.0
4379,green,94.0
4371,green,156.0
4400,green,284.0
4372,green,94.0
4368,green,156.0
4397,green,284.0
4399,green,284.0
4394,green,284.0
4381,green,94.0
4366,green,156.0
4396,green,284.0
4391,green,284.0
4398,green,284.0
4374,green,94.0
4386,green,49.0
4392,green,284.0
4383,green,49.0
4361,green,156.0
4385,green,49.0
4370,green,156.0
4363,green,156.0
4367,green,156.0
4376,green,94.0
4387,green,49.0
4395,green,284.0
4384,green,49.0
4388,green,49.0
4377,green,94.0
9674,green,
9675,green,
9676,green,
9678,green,
9723,green,
4380,green,94.0
4133,lime,198.0
4362,lime,156.0
4390,green,111.0
4382,lime,49.0
4048,green,198.0
4057,green,198.0
4042,green,198.0
4061,green,198.0
4035,green,198.0
4045,green,198.0
4046,green,198.0
4067,green,198.0
55,lime,212.0
18,green,209.0
45,green,97.0
44,green,139.0
35,green,212.0
21,green,249.0
7,green,246.0
10,green,23.0
4,lime,246.0
43,green,100.0
13,lime,97.0
4173,green,63.0
4413,green,30.0
4414,green,30.0
4415,green,30.0
4401,green,284.0
4416,green,30.0
4426,green,192.0
4427,green,30.0
4428,green,30.0
4417,green,30.0
4429,green,30.0
4430,green,30.0
4418,green,30.0
4419,green,30.0
3050,green,38.0
116,green,277.0
4474,green,277.0
4451,green,89.0
4452,green,89.0
4453,green,89.0
4454,green,89.0
4463,green,277.0
4464,green,277.0
4465,green,277.0
4466,green,277.0
4467,green,277.0
4435,green,89.0
4469,green,277.0
4436,green,89.0
4437,green,89.0
4470,green,277.0
4471,green,277.0
4438,green,89.0
4472,green,277.0
4439,green,89.0
9677,green,
9679,green,
9682,green,
9683,green,62.0
9724,green,
9684,green,62.0
4059,green,198.0
4431,lime,30.0
4058,green,198.0
4034,green,198.0
4055,green,198.0
4056,green,198.0
4050,green,198.0
4051,green,198.0
4212,green,29.0
4213,green,29.0
4210,green,283.0
9680,green,
4196,green,286.0
9681,green,
4214,green,29.0
4188,green,63.0
9725,green,
4208,green,283.0
4199,green,283.0
4192,green,286.0
4205,green,283.0
38,lime,139.0
9726,green,
4043,green,198.0
28,green,212.0
16,green,212.0
30,green,199.0
389,green,128.0
34802,green,25.0
4066,green,198.0
26,green,249.0
19,green,243.0
4063,green,198.0
8,green,199.0
4038,green,198.0
5,green,212.0
4189,green,63.0
4053,green,198.0
11,green,139.0
24,green,97.0
14,lime,249.0
32,green,212.0
22,green,212.0
1491,green,246.0
4206,green,283.0
4440,green,89.0
4455,green,89.0
4456,green,89.0
4457,green,89.0
4458,green,89.0
4444,green,89.0
4459,green,89.0
4441,green,89.0
4044,green,198.0
4054,green,198.0
4036,green,198.0
3913,green,64.0
3930,green,64.0
4137,green,198.0
4116,green,198.0
4147,green,198.0
4139,green,198.0
4117,lime,198.0
4138,green,198.0
4143,green,198.0
4145,green,198.0
4149,green,198.0
4150,green,198.0
4142,green,198.0
4151,green,198.0
4152,green,198.0
4246,green,5.0
4239,green,5.0
4223,green,29.0
4224,green,29.0
17,green,139.0
41,green,243.0
3,green,75.0
9,green,139.0
34,green,139.0
12,lime,100.0
37,green,139.0
20,green,249.0
15,lime,139.0
4227,green,29.0
4242,green,5.0
9727,green,
4442,green,89.0
4445,green,89.0
4446,green,89.0
4447,green,89.0
4448,green,89.0
4449,green,89.0
4460,green,89.0
4461,green,89.0
3196,green,89.0
4482,lime,277.0
4443,green,89.0
4473,green,277.0
4450,green,89.0
4462,green,89.0
4500,green,279.0
4481,green,277.0
1826,lime,277.0
1773,lime,277.0
4501,green,279.0
1842,green,277.0
4486,green,277.0
4505,green,279.0
4140,green,198.0
1787,green,279.0
4141,green,198.0
4488,green,277.0
4489,green,277.0
4490,green,277.0
4491,green,277.0
4492,green,277.0
1807,green,277.0
3949,green,64.0
3950,green,64.0
4041,green,198.0
4320,green,93.0
4321,green,93.0
4322,green,93.0
4324,green,93.0
4325,green,93.0
4326,green,93.0
4287,green,93.0
4288,green,93.0
29,green,139.0
52,green,209.0
46,green,249.0
40,lime,139.0
25,green,212.0
27,green,212.0
31,lime,209.0
36,lime,209.0
49,green,139.0
4282,green,280.0
33,green,209.0
47,green,174.0
39,green,57.0
51,lime,139.0
53,green,212.0
48,green,246.0
50,green,174.0
56,lime,212.0
54,green,209.0
58,green,139.0
57,green,127.0
62,green,174.0
4493,green,277.0
1771,lime,277.0
4502,green,279.0
4494,green,277.0
4495,green,277.0
4496,green,277.0
4483,green,277.0
4484,green,277.0
4518,green,278.0
4535,green,4.0
4519,green,278.0
4520,green,278.0
4521,green,278.0
4530,green,4.0
4522,green,278.0
4523,green,278.0
4534,green,4.0
9728,green,
9729,green,
9730,green,
4503,lime,279.0
4524,lime,278.0
4289,green,93.0
4290,green,93.0
4291,green,93.0
4292,green,93.0
4293,green,93.0
4294,green,93.0
4295,green,93.0
4296,green,93.0
4297,green,93.0
4298,green,93.0
4299,green,93.0
4300,green,93.0
4301,green,93.0
4302,green,93.0
4303,green,93.0
4304,green,93.0
4323,lime,93.0
60,green,23.0
61,green,246.0
59,green,249.0
64,green,246.0
63,green,252.0
65,green,246.0
66,lime,139.0
390,green,75.0
105,green,192.0
4319,green,93.0
110,green,192.0
67,green,182.0
122,green,198.0
115,green,277.0
74,lime,35.0
71,green,35.0
2783,green,4.0
4525,green,278.0
4526,green,278.0
4507,green,279.0
4508,green,279.0
4509,green,279.0
4510,green,279.0
4511,green,279.0
4512,green,279.0
4531,green,4.0
4527,green,278.0
1762,lime,279.0
4506,green,279.0
4678,green,61.0
4679,green,61.0
4681,green,61.0
4682,green,61.0
9731,green,
9732,green,
9733,green,
9734,green,
87,green,24.0
94,green,62.0
88,green,257.0
4680,lime,61.0
4305,lime,93.0
4313,green,93.0
4314,green,93.0
4315,green,93.0
4316,green,93.0
4317,green,93.0
4318,green,93.0
4328,green,93.0
4329,green,93.0
4345,green,156.0
4352,green,156.0
9735,green,
4347,green,156.0
4355,lime,156.0
4353,green,156.0
4351,lime,156.0
4662,lime,17.0
4344,green,156.0
4343,green,156.0
4341,green,156.0
95,green,198.0
111,green,256.0
4342,green,156.0
4359,green,156.0
4357,green,156.0
4358,green,156.0
4330,green,93.0
4331,green,93.0
4337,green,93.0
4332,green,93.0
106,green,111.0
113,green,257.0
86,green,38.0
68,green,174.0
4348,green,89.0
4356,green,156.0
4683,green,61.0
4661,green,17.0
4684,green,61.0
4663,green,17.0
4664,green,17.0
4333,green,93.0
4338,green,93.0
4146,green,198.0
4334,green,93.0
4335,green,93.0
4327,green,93.0
4336,green,93.0
4991,green,62.0
4994,green,62.0
4996,lime,62.0
4998,green,62.0
5003,green,64.0
5006,lime,38.0
5021,green,62.0
5027,green,64.0
5030,green,62.0
5049,lime,62.0
5034,green,282.0
34786,green,192.0
4364,green,156.0
4378,green,94.0
78,lime,198.0
109,green,152.0
90,green,156.0
9736,green,
119,green,24.0
89,green,257.0
84,green,111.0
93,green,105.0
76,green,35.0
79,green,105.0
69,lime,100.0
1953,green,62.0
3300,green,62.0
101,green,62.0
112,green,254.0
4665,green,17.0
4685,green,61.0
4536,green,4.0
4666,green,17.0
4667,green,17.0
4668,green,17.0
4671,green,17.0
4688,green,61.0
4689,green,61.0
4690,green,61.0
4669,green,17.0
4674,green,259.0
4548,green,256.0
4540,green,256.0
4566,green,256.0
4544,green,256.0
4541,green,256.0
4555,green,256.0
4549,green,256.0
4373,lime,94.0
4545,lime,256.0
5044,green,62.0
5048,green,62.0
5053,green,62.0
5069,green,285.0
5071,green,64.0
5074,green,198.0
5054,green,198.0
5055,green,62.0
5086,green,156.0
5078,green,62.0
4403,green,284.0
9737,green,
34862,green,91.0
4421,green,30.0
4406,green,30.0
83,green,24.0
4432,green,89.0
4422,green,30.0
4402,green,284.0
4424,green,30.0
3173,lime,274.0
4433,green,89.0
4425,green,30.0
4407,green,30.0
1913,green,274.0
4434,green,89.0
98,green,274.0
4409,green,30.0
4410,green,30.0
4423,green,30.0
4411,green,30.0
4412,green,30.0
34854,green,256.0
107,green,62.0
100,green,274.0
114,green,5.0
34855,green,49.0
34778,green,192.0
82,green,38.0
4404,green,284.0
4405,green,284.0
104,green,24.0
34779,green,275.0
91,green,253.0
99,green,208.0
3127,green,38.0
34780,green,275.0
34781,green,275.0
34782,green,192.0
34783,green,192.0
34784,lime,275.0
34785,lime,192.0
34787,green,192.0
34788,green,111.0
34789,green,192.0
34856,green,223.0
34857,green,277.0
34858,green,256.0
34859,green,198.0
34860,green,277.0
34863,green,154.0
34864,green,176.0
34865,lime,91.0
34872,green,
34886,lime,49.0
34887,lime,38.0
34888,lime,49.0
34889,lime,223.0
34890,lime,38.0
34891,lime,111.0
108,lime,111.0
1400,green,251.0
147,green,111.0
181,green,256.0
125,green,62.0
180,green,38.0
132,green,208.0
175,green,62.0
145,green,29.0
131,green,198.0
126,lime,111.0
34838,green,111.0
139,green,64.0
4546,green,256.0
3179,green,38.0
4550,green,256.0
4551,green,256.0
4582,green,192.0
4583,green,192.0
4584,green,192.0
4585,green,192.0
4586,green,192.0
4587,green,192.0
4588,green,192.0
4589,green,192.0
4590,green,192.0
4592,green,192.0
4594,green,192.0
4595,green,192.0
4596,green,192.0
4597,green,192.0
4598,green,192.0
4599,green,192.0
4600,green,192.0
4567,green,256.0
9738,green,
146,green,62.0
1884,lime,38.0
4543,lime,256.0
4542,lime,256.0
4601,lime,192.0
34790,green,
34833,green,288.0
34834,green,253.0
34835,green,286.0
34836,green,254.0
34837,green,25.0
34861,green,38.0
34873,green,
34892,lime,192.0
34893,lime,111.0
34894,lime,25.0
34895,lime,38.0
4497,green,277.0
9739,green,
34919,green,89.0
4485,green,277.0
178,green,24.0
4498,green,279.0
4499,green,279.0
4476,green,277.0
134,green,62.0
133,green,192.0
173,green,152.0
34920,green,89.0
179,green,62.0
156,green,27.0
151,green,38.0
4477,green,277.0
136,green,208.0
129,green,38.0
154,green,27.0
4478,green,277.0
4479,green,277.0
34922,green,111.0
160,green,62.0
4480,green,277.0
4568,green,256.0
4636,green,25.0
4634,green,25.0
4637,green,25.0
4633,green,229.0
4626,green,253.0
4635,green,25.0
4627,green,253.0
4644,green,25.0
4641,green,25.0
4610,green,192.0
4643,green,25.0
4611,green,192.0
4612,green,192.0
34791,green,
34839,green,
34874,lime,
34899,lime,
34900,lime,
34902,lime,
34903,lime,82.0
34904,lime,90.0
34905,green,252.0
34906,green,73.0
34907,green,224.0
34908,green,224.0
34909,green,224.0
34910,green,224.0
34924,lime,
34932,green,254.0
34933,green,111.0
34934,green,223.0
34935,green,49.0
34936,green,111.0
34937,green,111.0
34938,green,49.0
34939,green,89.0
34940,green,111.0
34941,green,192.0
9740,green,
4529,green,4.0
4513,green,278.0
4514,green,278.0
4515,green,278.0
4516,green,278.0
4533,green,4.0
4532,green,4.0
4517,green,278.0
144,green,29.0
128,green,24.0
130,green,152.0
157,green,4.0
264,green,38.0
152,green,62.0
34792,green,
34840,green,
34875,lime,
171,green,38.0
34901,lime,
150,green,29.0
155,green,4.0
34925,lime,
162,green,198.0
163,green,111.0
169,lime,62.0
153,green,253.0
149,green,27.0
161,green,229.0
897,lime,198.0
4613,green,192.0
4632,green,229.0
4614,green,192.0
4615,green,192.0
34927,green,
34942,green,253.0
34943,green,256.0
34944,green,89.0
34945,green,89.0
34946,green,89.0
34947,green,89.0
4686,green,61.0
4670,green,17.0
4687,green,61.0
4675,green,61.0
4676,green,61.0
4537,green,4.0
9741,green,
4677,green,61.0
9743,green,
4672,green,259.0
9744,green,
158,green,198.0
188,green,24.0
172,green,111.0
34793,lime,62.0
170,green,38.0
177,green,111.0
140,green,62.0
229,green,152.0
34993,green,253.0
224,green,38.0
239,lime,62.0
237,lime,62.0
34794,lime,62.0
201,lime,277.0
185,green,111.0
228,green,111.0
34795,lime,62.0
34796,lime,62.0
231,green,111.0
227,green,256.0
226,green,38.0
4616,green,192.0
4629,green,229.0
34841,green,
34926,green,
34948,green,111.0
34949,green,253.0
34950,green,253.0
2388,green,274.0
4562,green,256.0
4557,green,256.0
4552,green,256.0
4563,green,256.0
9742,green,
4556,green,256.0
4539,lime,256.0
4561,green,256.0
4564,green,256.0
4558,green,256.0
4547,green,256.0
4565,green,256.0
4559,green,256.0
4554,green,256.0
4560,green,256.0
4553,green,256.0
222,green,198.0
206,lime,84.0
186,green,257.0
223,green,62.0
3302,lime,198.0
4602,lime,192.0
240,lime,62.0
121,green,38.0
4617,green,192.0
4630,green,229.0
4642,green,25.0
4603,green,192.0
4722,green,27.0
4639,green,25.0
4638,green,25.0
4604,green,192.0
4605,green,192.0
4606,green,192.0
34797,green,38.0
34798,green,256.0
34799,green,38.0
34800,green,25.0
34801,green,25.0
34803,green,25.0
34842,green,
34913,green,
34914,green,
34928,green,
34951,green,192.0
34952,green,49.0
34953,green,156.0
4569,green,192.0
4570,green,192.0
4591,green,192.0
4571,green,192.0
4572,green,192.0
9745,green,38.0
34985,green,93.0
4631,green,229.0
4573,lime,192.0
34804,green,25.0
34843,green,
34844,lime,
34986,green,111.0
4574,green,192.0
34845,lime,
4575,green,192.0
4576,green,192.0
4577,green,192.0
4578,green,192.0
4579,green,192.0
4580,green,192.0
211,green,192.0
198,lime,256.0
234,green,253.0
215,green,192.0
233,green,111.0
220,green,111.0
189,green,111.0
203,lime,187.0
204,lime,256.0
196,green,253.0
209,green,192.0
4607,green,192.0
4608,green,192.0
4628,green,229.0
4609,green,192.0
4745,green,79.0
34915,green,
34917,green,
34929,green,
34954,green,
34960,green,82.0
34961,green,99.0
34962,green,111.0
34963,green,284.0
34964,lime,
34968,green,
34982,green,111.0
34983,green,111.0
34984,green,63.0
34987,green,253.0
34988,green,111.0
34989,green,253.0
34990,green,253.0
34991,green,253.0
34992,green,253.0
34994,lime,111.0
34995,green,111.0
34996,green,279.0
34997,green,254.0
34998,green,302.0
34999,green,302.0
35000,green,34.0
35001,green,302.0
4618,green,192.0
4619,green,192.0
4620,green,192.0
4621,green,192.0
4622,green,192.0
4623,green,192.0
4624,green,192.0
4640,green,25.0
4625,green,253.0
200,lime,62.0
236,lime,62.0
193,green,111.0
194,green,4.0
219,green,111.0
4733,lime,79.0
4746,green,79.0
9746,green,
4727,green,79.0
9747,green,
4655,green,17.0
9748,green,
4656,green,17.0
9751,green,
4651,green,25.0
4737,lime,79.0
4645,green,25.0
34806,green,
4728,green,79.0
34808,green,
4649,green,25.0
4729,green,79.0
4730,green,79.0
4731,green,79.0
4732,green,79.0
4657,green,17.0
4658,green,17.0
4734,green,79.0
4735,green,79.0
4736,green,79.0
34810,green,
4659,green,17.0
4660,green,17.0
4738,green,79.0
4654,green,25.0
4739,green,79.0
4650,green,25.0
732,green,79.0
232,green,27.0
34930,green,
34811,green,
34846,green,198.0
34916,green,
34931,green,
34955,lime,
34956,green,
34965,lime,
34969,green,
35002,green,302.0
35003,green,302.0
35004,green,302.0
35005,green,302.0
4653,green,25.0
4646,green,25.0
4744,green,79.0
3303,lime,144.0
4648,green,25.0
4718,green,27.0
34807,green,
4726,green,79.0
212,lime,62.0
191,green,62.0
174,green,111.0
192,green,24.0
216,green,94.0
34809,green,
197,lime,62.0
217,green,25.0
230,green,38.0
1402,green,
266,green,25.0
34812,green,
274,green,192.0
34847,green,37.0
34848,green,143.0
946,green,285.0
4740,green,79.0
4741,green,79.0
4742,green,79.0
4743,green,79.0
4710,green,27.0
4698,green,27.0
4692,green,27.0
4714,green,27.0
4712,green,27.0
238,lime,62.0
34918,green,
9749,green,156.0
4708,green,27.0
4703,green,27.0
4700,green,111.0
34957,green,
256,green,94.0
4647,lime,25.0
4652,lime,25.0
34966,lime,
34970,green,
35006,green,302.0
4711,green,27.0
9750,green,
9752,green,
252,green,62.0
4694,green,27.0
4699,green,27.0
4704,green,27.0
4696,green,27.0
4701,green,27.0
4707,green,27.0
273,green,257.0
4693,lime,27.0
4709,lime,27.0
280,green,62.0
213,green,192.0
4716,green,27.0
4717,green,27.0
248,green,62.0
34813,green,
34814,green,
279,green,62.0
250,green,278.0
261,green,111.0
258,green,62.0
251,green,229.0
9450,green,192.0
4715,green,27.0
4697,green,27.0
4691,green,61.0
856,green,27.0
4713,green,27.0
4702,green,27.0
34818,green,
34849,lime,37.0
34850,green,75.0
34851,green,206.0
34852,green,73.0
34853,green,206.0
34881,lime,
34958,green,
34967,green,
34971,lime,
34972,green,
35007,green,
35024,green,279.0
9753,green,
9754,green,
243,lime,198.0
9755,green,
277,green,105.0
253,green,111.0
260,green,62.0
245,green,62.0
267,green,111.0
262,green,62.0
244,green,62.0
282,green,24.0
270,green,208.0
271,green,282.0
263,lime,35.0
272,green,198.0
275,lime,111.0
385,green,62.0
314,lime,199.0
316,lime,82.0
318,lime,82.0
319,lime,82.0
322,lime,75.0
324,lime,199.0
325,lime,199.0
317,lime,198.0
34815,green,
34816,green,
34817,green,
34819,green,
34882,lime,
34959,lime,
34973,green,
35008,green,
335,lime,75.0
355,green,62.0
337,lime,150.0
338,lime,110.0
350,green,62.0
341,lime,223.0
343,green,251.0
344,green,251.0
345,green,244.0
346,green,128.0
347,green,128.0
348,green,20.0
349,green,75.0
353,green,192.0
387,green,198.0
320,lime,62.0
356,green,15.0
357,green,199.0
362,green,117.0
361,green,198.0
364,green,199.0
326,lime,62.0
323,lime,198.0
369,green,198.0
371,green,128.0
379,green,27.0
4979,lime,230.0
4705,green,27.0
4706,green,27.0
4845,green,
4846,green,
4847,green,
4848,green,
9756,green,
9757,green,
4723,green,27.0
4719,green,27.0
34820,green,
34821,green,
34883,lime,
34974,green,
35009,green,
372,green,91.0
342,green,62.0
375,green,146.0
376,green,135.0
377,green,184.0
378,green,199.0
305,lime,198.0
381,green,186.0
359,green,62.0
384,green,177.0
388,green,251.0
332,lime,198.0
360,green,256.0
334,lime,62.0
386,green,62.0
307,lime,105.0
368,green,62.0
313,lime,62.0
330,lime,105.0
312,lime,198.0
321,lime,62.0
4849,green,
4850,green,
4851,green,
4852,green,230.0
4853,green,
4854,green,
4855,green,171.0
4856,green,
4857,green,
4858,green,
4859,green,
4860,green,
4861,green,
4862,green,
4863,green,171.0
4864,green,
4865,green,
4874,green,
4879,green,
4898,lime,
9758,green,
9759,green,
9760,lime,
9761,green,
34884,green,
34885,green,
34975,green,
35010,green,
35011,green,
35012,green,
310,lime,198.0
329,lime,198.0
358,green,198.0
370,green,62.0
340,lime,146.0
4899,green,
4902,green,
4868,green,
4870,green,
4872,green,171.0
4875,green,
4877,green,
4880,green,
4882,green,
4884,green,
4886,green,
4888,green,171.0
4890,green,
4892,lime,
4962,green,230.0
4894,lime,
4896,lime,
4900,green,
4917,green,
4930,green,
4937,lime,
4938,green,
4939,lime,230.0
4940,green,
4941,lime,
4942,green,
4943,lime,
4944,green,
4945,lime,
4946,green,
4947,lime,
4948,green,
4949,lime,
4950,green,
4951,lime,
4952,green,
4953,lime,
4954,green,230.0
4955,green,
4905,green,
4907,green,
4909,green,230.0
9763,green,62.0
9764,green,62.0
9768,green,62.0
9767,green,62.0
9765,lime,62.0
9769,green,62.0
423,lime,128.0
424,lime,198.0
425,lime,155.0
411,lime,198.0
4911,green,
4913,green,
4915,green,
4918,green,
4920,green,
4922,green,
4924,green,
4926,green,
4928,green,
4931,green,171.0
4933,green,
4935,green,
4956,green,230.0
4957,green,230.0
4958,green,
4959,green,230.0
4960,green,
4961,green,
4964,green,230.0
4988,green,30.0
4971,green,
4974,green,171.0
4977,lime,230.0
4978,lime,
4980,lime,
4981,lime,
3209,green,223.0
4992,green,111.0
199,lime,274.0
4993,green,62.0
4995,green,64.0
3285,green,254.0
2985,green,257.0
5000,green,276.0
187,green,25.0
4965,green,230.0
4967,green,
4969,green,
4972,green,
9770,green,62.0
4989,green,62.0
2148,green,62.0
4990,green,111.0
4987,green,62.0
9771,green,62.0
34976,green,
35013,green,
403,green,198.0
420,lime,198.0
456,green,82.0
9449,green,254.0
4975,green,
4997,green,274.0
2810,green,164.0
4999,green,198.0
5024,green,111.0
1337,green,62.0
123,green,62.0
5009,green,288.0
5010,green,198.0
2109,lime,94.0
5012,green,156.0
1861,green,89.0
5015,green,280.0
143,green,38.0
5016,lime,30.0
5017,green,288.0
2054,green,111.0
195,green,253.0
5025,green,198.0
5026,green,289.0
612,green,62.0
2214,green,257.0
1098,lime,62.0
3295,green,254.0
2184,green,111.0
5002,lime,105.0
5004,green,30.0
5005,green,288.0
5008,green,192.0
3233,green,276.0
5011,green,4.0
1758,lime,198.0
2007,green,79.0
2270,lime,198.0
9773,lime,64.0
9774,lime,64.0
9775,lime,64.0
5018,green,24.0
972,green,215.0
973,green,245.0
5014,green,192.0
723,green,62.0
1755,lime,152.0
306,lime,198.0
1924,green,198.0
5020,green,30.0
3045,green,38.0
2130,green,111.0
5022,green,30.0
2206,green,277.0
2011,green,62.0
1800,green,49.0
5029,green,62.0
1790,green,257.0
1848,green,198.0
1821,lime,198.0
5037,green,4.0
705,green,273.0
877,green,62.0
408,lime,62.0
2231,green,38.0
2014,green,111.0
1809,green,277.0
5031,green,89.0
2093,green,111.0
5033,green,30.0
2050,green,223.0
2299,green,48.0
2192,green,94.0
9846,green,
5035,green,30.0
2213,green,198.0
5036,lime,288.0
5039,green,198.0
1728,green,192.0
2117,green,62.0
1887,lime,111.0
1624,lime,198.0
1812,green,254.0
3063,green,38.0
5040,green,288.0
80,green,111.0
3214,green,223.0
2133,green,111.0
9780,lime,24.0
5019,lime,94.0
103,green,62.0
2253,green,94.0
5038,green,274.0
5013,green,62.0
5032,green,62.0
1785,green,259.0
1929,lime,198.0
5043,green,64.0
2018,green,208.0
2197,green,111.0
2637,green,192.0
2021,lime,198.0
3079,green,38.0
214,green,223.0
2406,green,229.0
1883,green,62.0
2177,green,62.0
333,lime,62.0
5050,lime,198.0
2106,green,111.0
2394,green,111.0
1946,green,62.0
3002,green,257.0
5058,green,111.0
1804,green,49.0
5051,green,289.0
2464,green,274.0
2160,green,282.0
225,green,198.0
2230,green,62.0
5067,green,198.0
137,green,111.0
5073,green,62.0
1732,green,164.0
2273,green,38.0
5052,green,30.0
2529,green,198.0
1882,green,223.0
3088,green,38.0
5056,green,30.0
5057,green,38.0
5059,green,30.0
5060,lime,62.0
73,green,192.0
1959,lime,198.0
1850,green,223.0
5061,green,30.0
455,green,62.0
9779,lime,4.0
9781,lime,24.0
2391,green,257.0
5042,green,259.0
34977,green,
35014,green,
2236,green,25.0
5096,green,111.0
5062,green,257.0
5063,green,288.0
5064,green,288.0
2357,green,229.0
5065,green,30.0
5066,green,62.0
1798,green,198.0
3102,green,38.0
2227,green,256.0
2086,green,63.0
327,lime,198.0
1866,green,152.0
5068,green,62.0
5070,green,285.0
5072,green,279.0
255,green,229.0
2196,green,198.0
5076,green,257.0
2457,green,198.0
2288,green,111.0
2154,lime,198.0
1738,green,192.0
1834,green,111.0
2079,green,63.0
2295,green,62.0
339,lime,62.0
5091,green,30.0
5079,green,257.0
1843,green,223.0
5075,green,198.0
2241,green,257.0
363,green,62.0
5077,green,30.0
207,lime,198.0
1862,green,64.0
2059,green,223.0
1906,lime,198.0
77,green,198.0
421,lime,198.0
1973,green,79.0
2281,green,4.0
3119,green,38.0
2803,green,164.0
5080,green,156.0
5082,green,198.0
9776,green,64.0
9782,lime,24.0
2013,green,62.0
9808,green,198.0
3137,lime,38.0
5081,green,279.0
1979,green,274.0
34978,green,
165,green,198.0
9783,lime,24.0
2217,green,62.0
9809,green,198.0
9810,lime,198.0
34979,green,
35015,green,
35016,lime,
3180,green,38.0
4866,green,
4903,green,
5115,green,30.0
444,lime,244.0
445,lime,21.0
412,lime,198.0
447,lime,15.0
2120,green,282.0
1879,green,277.0
448,lime,252.0
449,lime,228.0
450,lime,199.0
451,lime,201.0
452,green,15.0
453,green,20.0
454,green,21.0
457,green,75.0
458,green,50.0
461,green,155.0
9784,green,62.0
2144,green,62.0
9785,green,62.0
9786,green,62.0
9766,green,62.0
9787,lime,62.0
1313,green,62.0
9811,green,198.0
9822,green,30.0
9823,green,64.0
9824,green,64.0
9825,lime,192.0
9912,green,192.0
9913,green,254.0
9914,green,192.0
9915,green,198.0
34980,green,
35017,green,
975,green,118.0
9762,green,62.0
9826,green,192.0
9916,green,
34981,green,
35018,green,
35019,green,
135,green,62.0
9956,lime,192.0
9901,lime,194.0
9827,green,62.0
9917,green,111.0
9918,green,156.0
35020,lime,
9788,green,62.0
9828,lime,94.0
9829,green,215.0
9919,lime,111.0
9920,green,61.0
9921,green,152.0
9922,green,278.0
9923,green,
35021,lime,
35022,green,
9789,lime,111.0
9830,lime,38.0
9924,green,
35023,green,
9790,green,111.0
9831,lime,38.0
9925,green,
9926,lime,
9927,green,
9928,green,
9932,green,
9934,green,
9935,green,192.0
9936,lime,254.0
9937,green,192.0
9938,green,192.0
9791,green,111.0
9792,green,111.0
9832,lime,38.0
9929,green,
9930,green,
9931,green,
9933,green,
9939,green,
9940,green,
9941,lime,
9942,green,49.0
9943,green,62.0
9944,green,49.0
9945,green,49.0
9946,green,62.0
9947,green,62.0
9948,green,62.0
9949,green,49.0
9950,green,62.0
9951,green,49.0
9952,green,49.0
3846,green,111.0
9793,green,111.0
9794,lime,111.0
9772,green,111.0
2410,green,257.0
9833,green,38.0
9953,green,
9818,lime,257.0
9797,green,111.0
9819,green,257.0
9834,green,25.0
127,green,25.0
9954,green,25.0
9955,green,38.0
9957,green,49.0
9958,green,49.0
9959,green,49.0
9960,green,49.0
9961,green,49.0
9962,green,49.0
9796,green,111.0
9820,green,254.0
9821,green,254.0
3292,green,254.0
9835,green,25.0
9837,green,25.0
9963,green,284.0
9964,green,27.0
9965,green,223.0
9966,green,49.0
9967,green,63.0
9968,lime,27.0
9969,green,105.0
9798,green,111.0
3290,green,254.0
9836,green,25.0
9970,green,49.0
2005,green,62.0
9971,green,49.0
9972,green,49.0
9973,green,49.0
9974,green,49.0
2058,green,254.0
9799,green,62.0
9975,green,
9841,green,166.0
9842,green,166.0
9843,green,
9847,green,
9848,green,
9850,green,
9851,green,
4089,green,62.0
9976,green,
9800,lime,62.0
9844,green,
9845,green,
9849,green,
9801,green,111.0
9802,green,111.0
9852,lime,
9856,lime,
9857,lime,
9858,green,117.0
9859,green,75.0
9860,green,143.0
9861,green,75.0
9862,green,75.0
9863,green,75.0
9864,green,75.0
9865,lime,96.0
9866,lime,75.0
9867,green,75.0
9868,green,75.0
9978,lime,
9803,green,94.0
9853,lime,
9854,lime,
9855,lime,
9979,lime,
9804,lime,192.0
9869,green,
9980,green,111.0
9981,green,111.0
9982,green,111.0
9983,green,111.0
9984,green,198.0
9985,green,111.0
9986,green,111.0
9987,green,111.0
9988,green,94.0
9989,green,111.0
9990,green,254.0
9991,green,111.0
9992,green,111.0
9993,green,111.0
9994,lime,198.0
9995,green,94.0
9996,green,94.0
9997,green,198.0
9998,green,111.0
9999,green,254.0
10000,green,254.0
10001,lime,94.0
10002,lime,94.0
10003,green,
9805,green,192.0
9806,green,192.0
9870,lime,
10004,green,94.0
10005,green,94.0
10006,green,62.0
9807,green,156.0
10007,green,
3738,green,251.0
10008,green,
10009,green,
10010,green,
10011,green,
10012,green,
10013,green,
10014,green,
9873,lime,144.0
9874,green,201.0
9875,green,99.0
9876,green,175.0
9877,green,144.0
9878,green,104.0
10015,green,
10017,green,
10016,lime,
9880,lime,227.0
9881,green,82.0
9882,green,103.0
10018,green,
9883,lime,
10019,green,
9884,green,
10020,green,93.0
10021,green,93.0
10022,green,93.0
3743,lime,251.0
9885,green,
9886,green,252.0
9887,green,201.0
9888,green,201.0
9889,green,201.0
9890,green,249.0
9891,green,194.0
9892,green,179.0
9893,green,264.0
9894,green,13.0
9895,lime,96.0
10023,green,93.0
9896,lime,20.0
9897,lime,15.0
9898,lime,150.0
9899,lime,65.0
9900,lime,90.0
9902,lime,203.0
10025,green,38.0
9903,green,216.0
9904,green,252.0
10026,green,192.0
10027,green,38.0
10028,green,38.0
10029,green,38.0
10030,green,38.0
10031,green,38.0
10032,green,38.0
10033,green,38.0
10034,green,38.0
10035,green,64.0
10036,green,94.0
3764,green,
9905,green,
10037,green,63.0
3773,green,
10042,green,
10039,green,
10040,green,
10041,green,
10043,green,
10044,green,
10045,green,
10046,green,
10047,green,
10048,lime,
10050,green,
10054,green,25.0
10055,green,111.0
10056,green,111.0
10057,green,111.0
10058,green,111.0
10059,green,111.0
10060,green,253.0
10061,green,254.0
10062,green,257.0
10063,green,152.0
10064,green,
10067,green,
10068,green,
4195,green,286.0
10065,green,
10066,lime,
10069,green,
10070,green,284.0
10071,green,93.0
10072,green,93.0
10073,green,93.0
10074,green,25.0
10075,green,259.0
10076,green,93.0
10077,green,284.0
10078,green,253.0
10080,green,
10082,green,
10079,green,
10081,green,
4695,green,27.0
10091,green,198.0
10092,green,198.0
10093,green,198.0
10094,lime,198.0
5088,green,64.0
1327,lime,62.0
1904,lime,94.0
3207,green,275.0
354,green,198.0
2199,green,282.0
2061,green,94.0
1916,green,111.0
5084,green,289.0
2178,green,198.0
2071,green,64.0
2408,green,38.0
5085,green,30.0
1783,green,164.0
5087,green,289.0
2491,green,198.0
5089,green,164.0
1745,green,257.0
2128,green,38.0
5090,green,30.0
2384,green,38.0
2168,green,274.0
1735,green,27.0
2336,lime,62.0
5093,green,198.0
2037,green,192.0
1841,green,192.0
5095,lime,62.0
5099,green,111.0
924,lime,198.0
2049,green,63.0
2237,green,111.0
1824,lime,89.0
5083,lime,62.0
5097,green,198.0
5100,green,62.0
5112,green,62.0
5094,green,62.0
5098,green,62.0
5101,green,62.0
5102,green,27.0
5103,green,62.0
210,green,25.0
365,green,63.0
2467,green,198.0
142,green,111.0
2267,green,283.0
1870,green,111.0
1770,lime,198.0
352,green,198.0
2039,green,198.0
5111,green,94.0
5114,green,288.0
1917,green,111.0
351,green,198.0
92,green,105.0
1310,green,62.0
1976,green,62.0
2136,green,94.0
10121,green,198.0
10122,green,198.0
5108,green,62.0
5109,green,27.0
5110,green,62.0
5113,green,62.0
